gbifID,type,format,identifier,references,title,description,source,audience,created,creator,contributor,publisher,license,rightsHolder
3729429100,StillImage,image/jpeg,https://observation.org/photos/35932920.jpg,,,,,,,Bosaardbei,,,http://creativecommons.org/licenses/by-nc-nd/4.0/,Bosaardbei
6320449806,StillImage,image/jpeg,https://inaturalist-open-data.s3.amazonaws.com/photos/658565052/original.jpg,https://www.inaturalist.org/photos/658565052,,,,,2026-05-11T15:48:31-07:00,alexthorpe972,,iNaturalist,http://creativecommons.org/licenses/by-nc/4.0/,alexthorpe972
2405164542,StillImage,image/jpeg,https://www.artsobservasjoner.no/MediaLibrary/plants/2011/large/165582.jpg,,,"Landøyda, Linnekastet i Oppegård, 15.7.2007",,,,,,,http://creativecommons.org/licenses/by-nc-sa/4.0/,Dag Hovind
3079524463,StillImage,image/jpeg,https://inaturalist-open-data.s3.amazonaws.com/photos/23094624/original.jpg,https://www.inaturalist.org/photos/23094624,,,,,2018-08-13T20:11:15Z,Christopher J. Kennedy,,iNaturalist,http://creativecommons.org/licenses/by-nc/4.0/,Christopher J. Kennedy
5108138217,StillImage,image/jpeg,https://inaturalist-open-data.s3.amazonaws.com/photos/480143968/original.jpeg,https://www.inaturalist.org/photos/480143968,,,,,2025-03-25T17:58:22-07:00,Joss Carr,,iNaturalist,http://creativecommons.org/licenses/by/4.0/,Joss Carr
4156835295,StillImage,image/jpeg,https://observation.org/photos/65961847.jpg,,,,,,,Niels 1966,,,http://creativecommons.org/licenses/by-nc-nd/4.0/,Niels 1966
5067349648,StillImage,image/jpeg,https://observation.org/photos/70221996.jpg,,,,,,,Marcel,,,http://creativecommons.org/licenses/by-nc-nd/4.0/,Marcel
3726779539,StillImage,image/jpeg,https://observation.org/photos/32147131.jpg,,,,,,,Dekentjesfanaat,,,http://creativecommons.org/licenses/by-nc-nd/4.0/,Dekentjesfanaat
6447559799,StillImage,image/jpeg,https://observation.org/photos/162571046.jpg,,,,,,,peter,,,http://creativecommons.org/licenses/by-nc-nd/4.0/,peter
4410246521,StillImage,image/jpeg,https://observation.org/photos/75383516.jpg,,,,,,,Tom Huijs,,,http://creativecommons.org/licenses/by-nc-nd/4.0/,Tom Huijs
5288230825,StillImage,image/jpeg,https://observation.org/photos/133207340.jpg,,,,,,,Marcel van de Sanden,,,http://creativecommons.org/licenses/by-nc-nd/4.0/,Marcel van de Sanden
6411905699,StillImage,image/jpeg,https://observation.org/photos/157596987.jpg,,,,,,,Thomas,,,http://creativecommons.org/licenses/by-nc-nd/4.0/,Thomas
6452387672,StillImage,image/jpeg,https://inaturalist-open-data.s3.amazonaws.com/photos/697899241/original.jpg,https://www.inaturalist.org/photos/697899241,,,,,2026-07-14T17:38:17-07:00,Tim Kirwin,,iNaturalist,http://creativecommons.org/licenses/by-nc/4.0/,Tim Kirwin
5067338636,StillImage,image/jpeg,https://observation.org/photos/66661210.jpg,,,,,,,daangrift,,,http://creativecommons.org/licenses/by-nc-nd/4.0/,daangrift
6251547746,StillImage,image/jpeg,https://inaturalist-open-data.s3.amazonaws.com/photos/645211406/original.jpg,https://www.inaturalist.org/photos/645211406,,,,,2026-04-25T10:57:25-07:00,dilly68,,iNaturalist,http://creativecommons.org/licenses/by-nc/4.0/,dilly68
5005983828,StillImage,image/jpeg,https://observation.org/photos/109865630.jpg,,,,,,,Leonie,,,http://creativecommons.org/licenses/by-nc-nd/4.0/,Leonie
5857447960,StillImage,image/jpeg,https://observation.org/photos/137995216.jpg,,,,,,,Jolanda Rutten,,,http://creativecommons.org/licenses/by-nc-nd/4.0/,Jolanda Rutten
5293113434,StillImage,image/jpeg,https://inaturalist-open-data.s3.amazonaws.com/photos/553094688/original.jpg,https://www.inaturalist.org/photos/553094688,,,,,2025-08-12T11:52:57-07:00,Halyna Oliiar,,iNaturalist,http://creativecommons.org/licenses/by-nc/4.0/,Halyna Oliiar
5893637022,StillImage,,https://arter.dk/media/951cc821-8128-400a-bfcd-b35f00efb2e1.jpg,,,,,,,,,,http://creativecommons.org/licenses/by/4.0/,
5204762592,StillImage,image/jpeg,https://observation.org/photos/123721483.jpg,,,,,,,Janneke,,,http://creativecommons.org/licenses/by-nc-nd/4.0/,Janneke
6451568767,StillImage,image/jpeg,https://inaturalist-open-data.s3.amazonaws.com/photos/517839426/original.jpg,https://www.inaturalist.org/photos/517839426,,,,,2025-06-08T19:02:42-07:00,astronautovic,,iNaturalist,http://creativecommons.org/licenses/by-nc/4.0/,astronautovic
4460964361,StillImage,image/jpeg,https://observation.org/photos/79517838.jpg,,,,,,,dsklbenl,,,http://creativecommons.org/licenses/by-nc-nd/4.0/,dsklbenl
4028883022,StillImage,image/jpeg,https://inaturalist-open-data.s3.amazonaws.com/photos/223784150/original.jpeg,https://www.inaturalist.org/photos/223784150,,,,,2022-08-08T14:09:33-07:00,aga_l_,,iNaturalist,http://creativecommons.org/licenses/by/4.0/,aga_l_
1966622080,StillImage,image/jpeg,https://observation.org/photos/16770342.jpg,,,,,,,Nathalie De Somer,,,http://creativecommons.org/licenses/by-nc-nd/4.0/,Nathalie De Somer
5893245381,StillImage,,https://arter.dk/media/b14435dc-20cc-47a5-9fc9-afe600f6c0a3.jpg,,,,,,,,,,http://creativecommons.org/licenses/by/4.0/,
3722503975,StillImage,image/jpeg,https://observation.org/photos/44642293.jpg,,,,,,,Silvia Bakker,,,http://creativecommons.org/licenses/by-nc-nd/4.0/,Silvia Bakker
4405148751,StillImage,image/jpeg,https://inaturalist-open-data.s3.amazonaws.com/photos/308674762/original.jpeg,https://www.inaturalist.org/photos/308674762,,,,,2023-08-09T11:36:25-07:00,Надежда Уразова,,iNaturalist,http://creativecommons.org/licenses/by-nc/4.0/,Надежда Уразова
5844447234,StillImage,image/jpeg,https://inaturalist-open-data.s3.amazonaws.com/photos/578910997/original.jpg,https://www.inaturalist.org/photos/578910997,,,,,2025-10-11T12:05:40Z,naturalist charlie,,iNaturalist,http://creativecommons.org/licenses/by/4.0/,naturalist charlie
6130679327,StillImage,image/jpeg,https://inaturalist-open-data.s3.amazonaws.com/photos/321712266/original.jpeg,https://www.inaturalist.org/photos/321712266,,,,,2023-09-21T15:18:20-07:00,Jan Ruzicka,,iNaturalist,http://creativecommons.org/licenses/by-nc/4.0/,Jan Ruzicka
3888849508,StillImage,image/jpeg,https://inaturalist-open-data.s3.amazonaws.com/photos/215283561/original.jpeg,https://www.inaturalist.org/photos/215283561,,,,,2022-07-17T13:37:16-07:00,tatianakk,,iNaturalist,http://creativecommons.org/licenses/by-nc/4.0/,tatianakk
4067142163,StillImage,image/jpeg,https://inaturalist-open-data.s3.amazonaws.com/photos/261386275/original.jpeg,https://www.inaturalist.org/photos/261386275,,,,,2023-03-18T14:07:38-07:00,Ewa Olchanowska,,iNaturalist,http://creativecommons.org/licenses/by/4.0/,Ewa Olchanowska
2883152664,StillImage,image/jpeg,https://inaturalist-open-data.s3.amazonaws.com/photos/98378700/original.jpg,https://www.inaturalist.org/photos/98378700,,,,,2020-08-17T14:22:56-07:00,Konstantin Romanov,,iNaturalist,http://creativecommons.org/licenses/by-nc/4.0/,Konstantin Romanov
2974561639,StillImage,image/jpeg,https://bs.plantnet.org/image/o/83f863a3537813bebfa44b5e2089731de736ce65,,Jacobaea vulgaris Gaertn.: flower,Jacobaea vulgaris Gaertn.: flower,https://identify.plantnet.org/weurope/observations/1007436012,,2020-06-25T06:32:14Z,John G,,,John G (cc-by-sa),John G
6342783765,StillImage,image/jpeg,https://observation.org/photos/151406681.jpg,,,,,,,Luc aan 't Goor,,,http://creativecommons.org/licenses/by-nc-nd/4.0/,Luc aan 't Goor
5282949657,StillImage,image/jpeg,https://observation.org/photos/130218584.jpg,,,,,,,Gerard Ritstier,,,http://creativecommons.org/licenses/by-nc-nd/4.0/,Gerard Ritstier
4882131109,StillImage,image/jpeg,https://observation.org/photos/74952280.jpg,,,,,,,Dirk den Hollander,,,http://creativecommons.org/licenses/by-nc-nd/4.0/,Dirk den Hollander
6410889703,StillImage,image/jpeg,https://observation.org/photos/158799301.jpg,,,,,,,Sky,,,http://creativecommons.org/licenses/by-nc-nd/4.0/,Sky
5067366963,StillImage,image/jpeg,https://observation.org/photos/93566868.jpg,,,,,,,Anna,,,http://creativecommons.org/licenses/by-nc-nd/4.0/,Anna
5893415551,StillImage,,https://arter.dk/media/1e0eab0f-bb91-4647-bc7e-aed9009277ab.jpg,,,,,,,,,,http://creativecommons.org/licenses/by/4.0/,
2294679523,StillImage,image/jpeg,https://inaturalist-open-data.s3.amazonaws.com/photos/46081943/original.jpeg,https://www.inaturalist.org/photos/46081943,,,,,2019-07-24T17:24:24-07:00,Jurga Motiejūnaitė,,iNaturalist,http://creativecommons.org/licenses/by-nc/4.0/,Jurga Motiejūnaitė
5067336707,StillImage,image/jpeg,https://observation.org/photos/70541363.jpg,,,,,,,Hans van der Meulen,,,http://creativecommons.org/licenses/by-nc-nd/4.0/,Hans van der Meulen
5008066709,StillImage,image/jpeg,https://inaturalist-open-data.s3.amazonaws.com/photos/429755132/original.jpeg,https://www.inaturalist.org/photos/429755132,,,,,2024-09-09T12:49:47-07:00,hellen87,,iNaturalist,http://creativecommons.org/licenses/by-nc/4.0/,hellen87
3905065269,StillImage,image/jpeg,https://observation.org/photos/54057384.jpg,,,,,,,Huibert Venderbos,,,http://creativecommons.org/licenses/by-nc-nd/4.0/,Huibert Venderbos
5067361182,StillImage,image/jpeg,https://observation.org/photos/96826958.jpg,,,,,,,Blackbird,,,http://creativecommons.org/licenses/by-nc-nd/4.0/,Blackbird
6400716917,StillImage,image/jpeg,https://inaturalist-open-data.s3.amazonaws.com/photos/448820814/original.jpeg,https://www.inaturalist.org/photos/448820814,,,,,2024-11-05T10:34:11Z,funzybee,,iNaturalist,http://creativecommons.org/licenses/by-nc/4.0/,funzybee
4606902050,StillImage,image/jpeg,https://inaturalist-open-data.s3.amazonaws.com/photos/364627323/original.jpeg,https://www.inaturalist.org/photos/364627323,,,,,2024-04-08T13:15:17-07:00,Cody Philpot,,iNaturalist,http://creativecommons.org/licenses/by-nc/4.0/,Cody Philpot
4908824362,StillImage,image/jpeg,https://inaturalist-open-data.s3.amazonaws.com/photos/404091583/original.jpg,https://www.inaturalist.org/photos/404091583,,,,,2024-07-07T13:15:55Z,rufusoh,,iNaturalist,http://creativecommons.org/licenses/by-nc/4.0/,rufusoh
6251535935,StillImage,image/jpeg,https://inaturalist-open-data.s3.amazonaws.com/photos/651253740/original.jpg,https://www.inaturalist.org/photos/651253740,,,,,2026-04-25T14:30:42-07:00,Victor Heng,,iNaturalist,http://creativecommons.org/licenses/by-sa/4.0/,Victor Heng
5893744555,StillImage,,https://arter.dk/media/f8228eed-dd1a-4b34-bec7-af6500a58a65.jpg,,,,,,,,,,http://creativecommons.org/licenses/by/4.0/,
6186590173,StillImage,image/jpeg,https://observation.org/photos/146593672.jpg,,,,,,,Leo Steenbergen,,,http://creativecommons.org/licenses/by-nc-nd/4.0/,Leo Steenbergen
6236522464,StillImage,image/jpeg,https://inaturalist-open-data.s3.amazonaws.com/photos/641355819/original.jpg,https://www.inaturalist.org/photos/641355819,,,,,2026-04-20T14:24:05-07:00,C H,,iNaturalist,http://creativecommons.org/licenses/by-nc/4.0/,C H
3888836095,StillImage,image/jpeg,https://inaturalist-open-data.s3.amazonaws.com/photos/220909194/original.jpeg,https://www.inaturalist.org/photos/220909194,,,,,2022-08-05T10:08:46-07:00,Владимир,,iNaturalist,http://creativecommons.org/licenses/by-nc/4.0/,Владимир
4901949604,StillImage,image/jpeg,https://inaturalist-open-data.s3.amazonaws.com/photos/316038409/original.jpeg,https://www.inaturalist.org/photos/316038409,,,,,2023-09-02T13:09:57-07:00,Maria Kohanovskaya,,iNaturalist,http://creativecommons.org/licenses/by-nc/4.0/,Maria Kohanovskaya
3759119417,StillImage,image/jpeg,https://inaturalist-open-data.s3.amazonaws.com/photos/75580212/original.jpg,https://www.inaturalist.org/photos/75580212,,,,,2020-05-26T13:15:16Z,Eva Nikolajsen,,iNaturalist,http://creativecommons.org/licenses/by-nc/4.0/,Eva Nikolajsen
5796910939,StillImage,image/jpeg,https://observation.org/photos/134925722.jpg,,,,,,,Natuurliefhebber,,,http://creativecommons.org/licenses/by-nc-nd/4.0/,Natuurliefhebber
6448017696,StillImage,image/jpeg,https://observation.org/photos/161096909.jpg,,,,,,,Peter Jansen,,,http://creativecommons.org/licenses/by-nc-nd/4.0/,Peter Jansen
3090815819,StillImage,image/jpeg,https://inaturalist-open-data.s3.amazonaws.com/photos/88906117/original.jpeg,https://www.inaturalist.org/photos/88906117,,,,,2020-08-08T19:46:14-07:00,Adam Wiernasz,,iNaturalist,http://creativecommons.org/licenses/by-nc/4.0/,Adam Wiernasz
3732235214,StillImage,image/jpeg,https://observation.org/photos/41907856.jpg,,,,,,,marijke.de.r.boer.derijtje,,,http://creativecommons.org/licenses/by-nc-nd/4.0/,marijke.de.r.boer.derijtje
6479453869,StillImage,image/jpeg,https://inaturalist-open-data.s3.amazonaws.com/photos/709805986/original.jpg,https://www.inaturalist.org/photos/709805986,,,,,2026-08-02T17:06:36Z,Lee,,iNaturalist,http://creativecommons.org/licenses/by/4.0/,Lee
4165372167,StillImage,image/jpeg,https://inaturalist-open-data.s3.amazonaws.com/photos/302467412/original.jpg,https://www.inaturalist.org/photos/302467412,,,,,2023-07-21T17:02:38-07:00,Konstantin Kostyukov,,iNaturalist,http://creativecommons.org/licenses/by-nc/4.0/,Konstantin Kostyukov
5832262064,StillImage,image/jpeg,https://observation.org/photos/136330075.jpg,,,,,,,Emile Calon,,,http://creativecommons.org/licenses/by-nc-nd/4.0/,Emile Calon
3949861581,StillImage,image/jpeg,https://bs.plantnet.org/image/o/68ff86ee3974057afc3fc1d22c912bfc24628266,,Jacobaea vulgaris Gaertn.: flower,Jacobaea vulgaris Gaertn.: flower,https://identify.plantnet.org/weeds/observations/1013804278,,2022-06-01T19:12:51Z,Veronique Peclat,,,Veronique Peclat (cc-by-sa),Veronique Peclat
4159198592,StillImage,image/jpeg,https://observation.org/photos/66627536.jpg,,,,,,,Theo Klink,,,http://creativecommons.org/licenses/by-nc-nd/4.0/,Theo Klink
2518145095,StillImage,image/jpeg,https://inaturalist-open-data.s3.amazonaws.com/photos/57749525/original.jpg,https://www.inaturalist.org/photos/57749525,,,,,2008-05-22T14:54:45-07:00,Drepanostoma,,iNaturalist,http://creativecommons.org/licenses/by/4.0/,Drepanostoma
6449374499,StillImage,image/jpeg,https://observation.org/photos/160844492.jpg,,,,,,,Michael Inden,,,http://creativecommons.org/licenses/by-nc-nd/4.0/,Michael Inden
6236023564,StillImage,image/jpeg,https://inaturalist-open-data.s3.amazonaws.com/photos/541742921/original.jpg,https://www.inaturalist.org/photos/541742921,,,,,2025-07-24T14:55:50-07:00,Marta,,iNaturalist,http://creativecommons.org/licenses/by-nc/4.0/,Marta
5067373779,StillImage,image/jpeg,https://observation.org/photos/75684377.jpg,,,,,,,gert,,,http://creativecommons.org/licenses/by-nc-nd/4.0/,gert
4909061609,StillImage,image/jpeg,https://inaturalist-open-data.s3.amazonaws.com/photos/406192084/original.jpeg,https://www.inaturalist.org/photos/406192084,,,,,2024-07-12T15:03:34Z,ashleight,,iNaturalist,http://creativecommons.org/licenses/by-nc/4.0/,ashleight
2445020628,StillImage,image/jpeg,https://inaturalist-open-data.s3.amazonaws.com/photos/54357173/original.jpg,https://www.inaturalist.org/photos/54357173,,,,,2019-10-18T10:57:06Z,plasmacyt,,iNaturalist,http://creativecommons.org/licenses/by-nc/4.0/,plasmacyt
6410827335,StillImage,image/jpeg,https://observation.org/photos/155388143.jpg,,,,,,,Ernie,,,http://creativecommons.org/licenses/by-nc-nd/4.0/,Ernie
6451994425,StillImage,image/jpeg,https://inaturalist-open-data.s3.amazonaws.com/photos/701672709/original.jpg,https://www.inaturalist.org/photos/701672709,,,,,2026-07-20T16:10:43Z,Charles Joynson,,iNaturalist,http://creativecommons.org/publicdomain/zero/1.0/,Charles Joynson
4460135884,StillImage,image/jpeg,https://observation.org/photos/77758855.jpg,,,,,,,Fons Koomen,,,http://creativecommons.org/licenses/by-nc-nd/4.0/,Fons Koomen
5067344579,StillImage,image/jpeg,https://observation.org/photos/57947369.jpg,,,,,,,Tim,,,http://creativecommons.org/licenses/by-nc-nd/4.0/,Tim
5288110383,StillImage,image/jpeg,https://observation.org/photos/133076423.jpg,,,,,,,David,,,http://creativecommons.org/licenses/by-nc-nd/4.0/,David
4919602747,StillImage,image/jpeg,https://inaturalist-open-data.s3.amazonaws.com/photos/412525676/original.jpg,https://www.inaturalist.org/photos/412525676,,,,,2024-07-26T11:18:29-07:00,Alexander Baransky,,iNaturalist,http://creativecommons.org/licenses/by-nc/4.0/,Alexander Baransky
5008178765,StillImage,image/jpeg,https://inaturalist-open-data.s3.amazonaws.com/photos/380893494/original.jpeg,https://www.inaturalist.org/photos/380893494,,,,,2024-05-13T08:42:15-07:00,Нина,,iNaturalist,http://creativecommons.org/licenses/by-nc/4.0/,Нина
3712490534,StillImage,image/jpeg,https://inaturalist-open-data.s3.amazonaws.com/photos/181528731/original.jpeg,https://www.inaturalist.org/photos/181528731,,,,,2022-03-04T12:33:58Z,snowberry,,iNaturalist,http://creativecommons.org/licenses/by-nc/4.0/,snowberry
5108072117,StillImage,image/jpeg,https://inaturalist-open-data.s3.amazonaws.com/photos/398364315/original.jpg,https://www.inaturalist.org/photos/398364315,,,,,2024-06-23T21:22:24Z,mothplants,,iNaturalist,http://creativecommons.org/licenses/by-nc/4.0/,mothplants
4606794936,StillImage,image/jpeg,https://inaturalist-open-data.s3.amazonaws.com/photos/361542303/original.jpg,https://www.inaturalist.org/photos/361542303,,,,,2024-03-29T08:53:36Z,Joss Carr,,iNaturalist,http://creativecommons.org/licenses/by/4.0/,Joss Carr
2549976038,StillImage,image/jpeg,https://inaturalist-open-data.s3.amazonaws.com/photos/43309214/original.jpeg,https://www.inaturalist.org/photos/43309214,,,,,2019-06-28T10:55:50-07:00,andimitr,,iNaturalist,http://creativecommons.org/licenses/by-nc/4.0/,andimitr
6411456836,StillImage,image/jpeg,https://observation.org/photos/154733527.jpg,,,,,,,Margreet Meijer,,,http://creativecommons.org/licenses/by-nc-nd/4.0/,Margreet Meijer
5107636186,StillImage,image/jpeg,https://observation.org/photos/112814450.jpg,,,,,,,Archwood,,,http://creativecommons.org/licenses/by-nc-nd/4.0/,Archwood
2818516750,StillImage,image/jpeg,https://inaturalist-open-data.s3.amazonaws.com/photos/83729162/original.jpg,https://www.inaturalist.org/photos/83729162,,,,,2020-06-27T19:00:27-07:00,Konstantin Romanov,,iNaturalist,http://creativecommons.org/licenses/by-nc/4.0/,Konstantin Romanov
5052531263,StillImage,image/jpeg,https://observation.org/photos/92479166.jpg,,,,,,,jean pierre,,,http://creativecommons.org/licenses/by-nc-nd/4.0/,jean pierre
5234449890,StillImage,image/jpeg,https://observation.org/photos/127366128.jpg,,,,,,,Anne,,,http://creativecommons.org/licenses/by-nc-nd/4.0/,Anne
5067304061,StillImage,image/jpeg,https://observation.org/photos/95228960.jpg,,,,,,,Pimpeltje,,,http://creativecommons.org/licenses/by-nc-nd/4.0/,Pimpeltje
3333081549,StillImage,image/jpeg,https://inaturalist-open-data.s3.amazonaws.com/photos/141491745/original.jpeg,https://www.inaturalist.org/photos/141491745,,,,,2021-07-06T18:33:01-07:00,im3bread,,iNaturalist,http://creativecommons.org/licenses/by-nc/4.0/,im3bread
6423877336,StillImage,image/jpeg,https://observation.org/photos/159630627.jpg,,,,,,,lvdpal,,,http://creativecommons.org/licenses/by-nc-nd/4.0/,lvdpal
4416638993,StillImage,image/jpeg,https://inaturalist-open-data.s3.amazonaws.com/photos/321616232/original.jpeg,https://www.inaturalist.org/photos/321616232,,,,,2023-09-21T16:46:14-07:00,Victor Hermann Strømberg,,iNaturalist,http://creativecommons.org/licenses/by-nc/4.0/,Victor Hermann Strømberg
6447745870,StillImage,image/jpeg,https://observation.org/photos/161358140.jpg,,,,,,,Jacob Jan de Vries,,,http://creativecommons.org/licenses/by-nc-nd/4.0/,Jacob Jan de Vries
3727201173,StillImage,image/jpeg,https://observation.org/photos/30674831.jpg,,,,,,,L. van Hal,,,http://creativecommons.org/licenses/by-nc-nd/4.0/,L. van Hal
3904894006,StillImage,image/jpeg,https://observation.org/photos/56118949.jpg,,,,,,,Remo,,,http://creativecommons.org/licenses/by-nc-nd/4.0/,Remo
6352416172,StillImage,image/jpeg,https://inaturalist-open-data.s3.amazonaws.com/photos/494970196/original.jpeg,https://www.inaturalist.org/photos/494970196,,,,,2025-04-26T17:07:14Z,Clare Hutchinson,,iNaturalist,http://creativecommons.org/licenses/by-nc/4.0/,Clare Hutchinson
4921517899,StillImage,image/jpeg,https://inaturalist-open-data.s3.amazonaws.com/photos/415924857/original.jpeg,https://www.inaturalist.org/photos/415924857,,,,,2024-06-22T11:31:29-07:00,Stephen James McWilliam,,iNaturalist,http://creativecommons.org/publicdomain/zero/1.0/,Stephen James McWilliam
5067346142,StillImage,image/jpeg,https://observation.org/photos/98743899.jpg,,,,,,,Frieda,,,http://creativecommons.org/licenses/by-nc-nd/4.0/,Frieda
4158014548,StillImage,image/jpeg,https://observation.org/photos/66352331.jpg,,,,,,,Bert Dekkers,,,http://creativecommons.org/licenses/by-nc-nd/4.0/,Bert Dekkers
3892382325,StillImage,image/jpeg,https://inaturalist-open-data.s3.amazonaws.com/photos/85976351/original.jpg,https://www.inaturalist.org/photos/85976351,,,,,2020-07-23T11:24:45Z,Ron Pasieczna,,iNaturalist,http://creativecommons.org/licenses/by/4.0/,Ron Pasieczna
5857477680,StillImage,image/jpeg,https://observation.org/photos/137870244.jpg,,,,,,,C. C. G. Visser en C.E. Temming,,,http://creativecommons.org/licenses/by-nc-nd/4.0/,C. C. G. Visser en C.E. Temming
6182638399,StillImage,image/jpeg,https://observation.org/photos/145787261.jpg,,,,,,,CS,,,http://creativecommons.org/licenses/by-nc-sa/4.0/,CS
4921767676,StillImage,image/jpeg,https://inaturalist-open-data.s3.amazonaws.com/photos/415934601/original.jpeg,https://www.inaturalist.org/photos/415934601,,,,,2024-07-16T16:12:55-07:00,Tanya Rysenko,,iNaturalist,http://creativecommons.org/licenses/by-nc/4.0/,Tanya Rysenko
